{"$schema":"http://schema.management.azure.com/schemas/2015-01-01/deploymentTemplate.json#","contentVersion":"1.0.0.0","parameters":{"FabricDataPipelines admin":{"type":"string"},"不動産ライブラリ HTTP admin":{"type":"string"},"RealEstate":{"type":"string"}},"variables":{},"resources":[{"name":"Execute for Each Year","type":"pipelines","apiVersion":"2018-06-01","properties":{"activities":[{"name":"ForEach Year","type":"ForEach","dependsOn":[],"typeProperties":{"items":{"value":"@range(2006, 18)","type":"Expression"},"isSequential":true,"activities":[{"name":"Invoke Inget pipeline","type":"InvokePipeline","dependsOn":[],"policy":{"timeout":"0.12:00:00","retry":0,"retryIntervalInSeconds":30,"secureOutput":false,"secureInput":false},"typeProperties":{"waitOnCompletion":true,"operationType":"InvokeFabricPipeline","pipelineId":"d4548ca7-9b35-4770-95d6-97ea30b9471c","workspaceId":"b0415ddc-8fba-41ba-aa70-b251628a9f82","parameters":{"year":{"value":"@item()","type":"Expression"},"apikey":{"value":"@pipeline().parameters.apikey","type":"Expression"}}},"externalReferences":{"connection":"[parameters('FabricDataPipelines admin')]"}}]}}],"parameters":{"apikey":{"type":"string","defaultValue":"YOUR_API_KEY"}},"lastModifiedByObjectId":"d8a881cd-89f5-4408-97b8-96c0d13a4acf","lastPublishTime":"2025-04-17T23:30:43Z"},"dependsOn":[]},{"name":"Ingest Real Estate Prices for Each Area","type":"pipelines","apiVersion":"2018-06-01","properties":{"activities":[{"name":"ForEach Area","type":"ForEach","dependsOn":[],"typeProperties":{"items":{"value":"@range(1,47)","type":"Expression"},"activities":[{"name":"Get Real Estate Price","type":"Copy","dependsOn":[],"policy":{"timeout":"0.12:00:00","retry":0,"retryIntervalInSeconds":30,"secureOutput":false,"secureInput":false},"typeProperties":{"source":{"type":"JsonSource","storeSettings":{"type":"HttpReadSettings","requestMethod":"GET","additionalHeaders":{"value":"@concat('Ocp-Apim-Subscription-Key: ', pipeline().parameters.apikey)","type":"Expression"}},"formatSettings":{"type":"JsonReadSettings"},"datasetSettings":{"annotations":[],"type":"Json","typeProperties":{"location":{"type":"HttpServerLocation","relativeUrl":{"value":"@concat('?year=', string(pipeline().parameters.year), '&area=', if(less(length(string(item())), 2), '0', ''), string(item()))","type":"Expression"}},"compression":{"type":"gzip"}},"schema":{},"externalReferences":{"connection":"[parameters('不動産ライブラリ HTTP admin')]"}}},"sink":{"type":"JsonSink","storeSettings":{"type":"LakehouseWriteSettings"},"formatSettings":{"type":"JsonWriteSettings"},"datasetSettings":{"annotations":[],"linkedService":{"name":"RealEstate","properties":{"annotations":[],"type":"Lakehouse","typeProperties":{"workspaceId":"b0415ddc-8fba-41ba-aa70-b251628a9f82","artifactId":"[parameters('RealEstate')]","rootFolder":"Files"}}},"type":"Json","typeProperties":{"location":{"type":"LakehouseLocation","fileName":{"value":"@concat('area=',string(item()), '.json')","type":"Expression"},"folderPath":{"value":"@concat('raw/year=', string(pipeline().parameters.year))","type":"Expression"}}},"schema":{}}},"enableStaging":false,"enableSkipIncompatibleRow":false}}]}}],"parameters":{"year":{"type":"int","defaultValue":2024},"apikey":{"type":"string","defaultValue":"YOUR_API_KEY"}},"lastModifiedByObjectId":"d8a881cd-89f5-4408-97b8-96c0d13a4acf","lastPublishTime":"2025-04-20T23:26:44Z"},"dependsOn":[]}]}